Shared Lemma;MarT_WM_ID;IWN_WM_ID
abbandonare;V#722;V#33779
abbattere;V#1871;V#35390
abbeverare;V#2691;V#34987
abbisciare;V#176;V#38803
abbittare;V#577;V#37023
abboccare;V#2692;V#39006
abbonacciare;V#1818;V#51357
abbordaggio;N#574;N#16285
abbordare;V#338;V#38030
abbrivare;V#1870;V#51187
abbrivio;N#179;N#18378
abbrumare;V#2694;V#39845
abbuono;N#731;N#6212
Abenra;NP#948;NP#47544
Aberdeen;NP#949;NP#46137
abete;N#1819;N#51102
ABS;N#1905;N#50226
accessorio;N#951;N#6329
accone;N#59;N#49603
accostare;V#332;V#33819
accostata;N#575;N#5066
acido;N#2176;AG#41790
acqua;N#75;N#50495
acque;N#119;N#12663
Aden;NP#950;NP#48199
aereo;AG#2613;AG#43954
affiorare;V#1820;V#36051
affondamento;N#2581;N#10461
affondare;V#1867;V#37267
afforcare;V#334;V#37115
Africa;NP#2628;NP#46974
Agadir;NP#1013;NP#46238
agente marittimo;N#233;N#49494
al traverso;AV#1721;N#49636
ala;N#1920;N#11176
alaggio;N#798;N#31046
alare;V#799;AG#43865
albatrosso;N#62;N#49604
alberatura;N#581;N#10066
albero;N#88;N#29490
albero dell'antenna;N#955;N#49701
albero di fortuna;N#954;N#49700
albero di maestra;N#456;N#49265
albero di trasmissione;N#844;N#49698
Alborg;NP#1014;NP#46082
Algeri;NP#1015;NP#45623
Alicante;NP#1016;NP#48451
aliscafo;N#63;N#30608
aliseo;N#840;N#10302
allarme;N#1882;N#14766
allestimento;N#957;N#8506
allineamento;N#845;N#49705
alluminio;N#2012;N#21688
alta marea;N#744;N#49708
altezza;N#1648;N#10856
altocumulo;N#2541;N#28519
altostrato;N#962;N#10670
altura;N#860;N#1342
alzare;V#1845;V#33884
Amalfi;NP#2360;NP#46679
Amburgo;NP#1202;NP#45586
Americhe;NP#2629;NP#46204
Amerigo Vespucci;NP#550;NP#49672
Amerigo_Vespucci;NP#1254;NP#45687
ammainare;V#584;V#37814
ammanco;N#589;N#9457
ammattare;V#1446;V#40513
ammiraglia;N#97;N#5539
amperometro;N#1652;N#21090
Amsterdam;NP#2418;NP#45739
Anchorage;NP#1017;NP#45554
Ancona;NP#2361;NP#48145
ancora;N#73;AV#48758
ancoraggio;N#200;N#2748
andana;N#1858;N#4165
andare;V#2144;V#33637
andare_via;V#2269;V#32344
andatura;N#76;N#49633
andatura al lasco;N#785;N#49635
andatura di bolina;N#791;N#49637
andatura in poppa;N#784;N#49634
anemometro;N#77;N#19010
anemoscopio;N#2549;N#30675
anfibio;N#531;N#49595
angolo;N#622;N#14185
Annaba;NP#1018;NP#48273
annegare;V#2584;V#33244
annodatura;N#389;N#9235
antenna;N#969;N#26044
anticiclone;N#958;N#5234
Anversa;NP#2336;NP#46108
appoggio;N#64;N#49605
appontare;V#329;V#32468
approdare;V#337;V#35499
Aqaba;NP#1019;NP#46659
arare;V#864;V#40554
Arbatax;NP#1020;NP#46153
arcobaleno;N#2552;N#27350
area;N#1998;N#19239
argano;N#865;N#4568
Argo;NP#96;NP#45528
Arhus;NP#1021;NP#46370
aria;N#224;N#28825
armamento;N#78;N#25357
armare;V#704;V#39799
armatore;N#79;N#22789
armo;N#710;N#19709
arrancare;V#2236;V#39460
arruolare;V#813;V#33500
arsenalotto;N#2648;N#21668
Arzew;NP#1022;NP#48455
Asia;NP#2630;NP#45965
Assab;NP#1023;NP#47245
assetto;N#777;N#6927
assicurare;V#1829;V#33240
assicurazione;N#235;N#21061
associazione;N#2650;N#5333
Astoria;NP#1024;NP#47828
astrolabio;N#2150;N#51134
Atlantico;NP#2015;NP#46183
atollo;N#2665;N#17317
attività;N#2136;N#16078
attività_sportiva;N#1901;N#10509
atto;N#424;N#20874
attraccare;V#227;V#39963
attrezzare;V#925;V#39798
Augusta;NP#2362;NP#48530
Australia;NP#2631;NP#48603
austro;N#998;N#6068
autorità;N#761;N#7722
autotreno;N#590;N#8749
avamporto;N#620;N#19154
avaria;N#237;N#28589
avvertimento;N#81;N#6775
avvisatore;N#80;N#9807
avviso;N#295;N#6777
avvistare;V#621;V#32025
avvolgere;V#975;V#39153
azimut;N#926;N#13238
bacino;N#794;N#21994
bagaglio;N#682;N#9341
bagala;N#65;N#49606
baglio;N#927;N#24014
bagnasciuga;N#1995;N#5580
baleniera;N#67;N#30193
balla;N#591;N#23581
Baltimora;NP#1025;NP#45766
bandiera;N#98;N#26277
Banjul;NP#1026;NP#47733
barbariccio;N#1925;N#49607
barbetta;N#873;N#29457
barca;N#1;N#12151
Barcellona;NP#2152;NP#46890
barchetta;N#2714;N#7349
barcone;N#60;N#25799
Bari;NP#2363;NP#47310
baricentro;N#979;N#21479
barografo;N#978;N#12246
barometro;N#977;N#51424
barra;N#99;N#31308
Barranquilla;NP#1027;NP#46481
Barry;NP#1028;NP#48080
base;N#877;N#49640
bassa marea;N#745;N#49709
Bassora;NP#1029;NP#46345
Bastia;NP#1030;NP#46270
bastimento;N#2347;N#51108
Baton_Rouge;NP#1031;NP#47019
battagliola;N#980;N#21952
battello;N#367;N#28137
battente;N#1798;N#31702
Bayonne;NP#1032;NP#46535
beccaccino;N#2;N#17291
beccheggio;N#578;N#3971
Belfast;NP#1033;NP#47198
Belgrado;NP#2491;NP#48416
belvedere;N#354;N#30580
bengala;N#983;N#25698
benzina;N#2177;N#24638
Bergen;NP#1034;NP#48581
betta;N#1933;N#743
bettolina;N#382;N#12403
biga;N#1914;N#4389
bilancella;N#1922;N#15349
Bilbao;NP#2425;NP#48528
binocolo;N#984;N#15738
bireme;N#1934;N#136
biscaglina;N#1935;N#26340
bissona;N#1936;N#10233
bitta;N#580;N#19924
boccaporto;N#851;N#25324
bolina;N#102;N#4848
bolletta;N#592;N#25476
boma;N#103;N#6331
Boma;NP#1037;NP#46072
bombarda;N#1937;N#1808
bora;N#982;N#19919
Bordeaux;NP#1038;NP#46994
bordeggiare;V#664;V#39675
bordeggio;N#878;N#5149
bordo;N#2726;N#28180
Boston;NP#2164;NP#46975
Boulogne;NP#1039;NP#46293
bovo;N#1938;N#4958
bozzello;N#879;N#23542
braccio;N#882;N#29072
bragozzo;N#1939;N#29666
Brema;NP#1040;NP#46416
Brest;NP#1041;NP#47465
brezza;N#105;N#29461
Bridgetown;NP#1036;NP#47950
brigantino;N#886;N#21615
Brindisi;NP#2445;NP#46827
Bristol;NP#1035;NP#47074
bruciato;AG#2122;AG#50590
bucaniere;N#1276;N#4610
bucintoro;N#1940;N#31704
buffo;N#2583;N#722
bugliolo;N#891;N#13858
bugna;N#890;N#49641
bulbo;N#1010;N#50275
burchiello;N#1923;N#19048
buriana;N#2572;N#869
bussola;N#106;N#20642
bussola da rilevamento;N#293;N#49631
bussola di rotta;N#294;N#49632
bussola giroscopica;N#291;N#49628
bussola magnetica;N#292;N#49629
buttafuori;N#892;N#23482
buttare;V#2114;V#39500
cabina;N#1059;N#2022
cabotaggio;N#208;N#49717
cacciasommergibili;N#555;N#3112
cacciatorpediniere;N#553;N#49586
cadenza;N#2281;N#7737
Cadice;NP#1042;NP#48433
Cagliari;NP#2259;NP#49173
caicco;N#167;N#49609
cala;N#197;N#49769
Calais;NP#1043;NP#48590
calare;V#678;V#38668
calcestruzzo;N#2112;N#21503
calma;N#2083;N#3702
calumare;V#679;V#38048
cambusa;N#1055;N#13024
cambusiere;N#1056;N#1909
camera;N#648;N#16317
campana;N#1065;N#20937
campionare;V#595;V#39697
campionato;N#2097;N#27244
canapa;N#723;N#27308
canapo;N#649;N#22505
cannoniera;N#556;N#4781
canoa;N#361;N#15569
canottaggio;N#1971;N#19280
canotto;N#362;N#21845
cantiere;N#717;N#6746
capitano;N#511;N#49411
capo;N#1091;N#50539
Capo_Carbonara;NP#2586;NP#46511
Capo_Rizzuto;NP#2587;NP#47750
cappa;N#1179;N#11728
cappellano;N#807;N#23742
Capraia;NP#2260;NP#48351
Capri;NP#2364;NP#47871
carabottino;N#1333;N#51110
caravella;N#364;N#7578
carboniere;N#168;N#49610
Cardiff;NP#2463;NP#47117
cardine;N#994;N#22857
carena;N#720;N#17265
carenaggio;N#764;N#6761
carenare;V#765;V#32246
cargo;N#16;N#49611
caricare;V#446;V#32393
carico;N#2020;AG#45114
carpenteria;N#2203;N#13396
Carrara;NP#2446;NP#47881
carrello;N#1331;N#28098
carroponte;N#776;N#20323
Cartagena;NP#1044;NP#46774
carteggiare;V#780;V#41035
carteggio;N#779;N#50737
Caspio;NP#2052;NP#46816
cassa;N#596;N#24555
cassero;N#2000;N#15704
catamarano;N#1560;N#28196
Catania;NP#2367;NP#48341
catena;N#1181;N#21710
cavallino;N#1182;AG#51072
cavitazione;N#1183;N#10041
cellulosa;N#2196;N#22156
cemento;N#2108;N#5807
centinatura;N#1336;N#25265
cerata;N#1847;N#16432
certificazione;N#238;N#12204
cessione;N#597;N#18151
Cherbourg;NP#1045;NP#47145
chiatta;N#381;N#21253
chiesuola;N#640;N#22005
chiglia;N#109;N#8155
Chioggia;NP#2447;NP#47524
ciclone;N#1240;N#29425
cilindro;N#1375;N#21408
Cinque_Terre;NP#2588;NP#47827
circolo Amici-Magnaghi;N#966;N#49621
circumnavigazione;N#782;N#4792
cirro;N#1087;N#24421
cirrocumulo;N#2539;N#9158
cirrostrato;N#2540;N#14237
cisterna;N#1304;N#28766
Civitavecchia;NP#2368;NP#45714
classe;N#299;N#29761
classificazione;N#1338;N#7561
clausola;N#598;N#14567
codice;N#239;N#15778
coffa;N#460;N#25906
cogliere;V#1351;V#40052
collettame;N#2184;N#1486
collidere;V#339;V#37355
collo;N#1350;N#7060
colonna;N#641;N#50952
coltellaccio;N#665;N#23333
comandante;N#107;N#10645
comando;N#762;N#23726
commettere;V#2181;V#36677
commissione;N#241;N#17327
committente;N#599;N#9162
commodoro;N#2242;N#16817
comperare;V#940;V#37118
condizione;N#2148;N#16105
consegna;N#243;N#957
consegnare;V#684;V#37559
consegnatario;N#683;N#24521
consumatore;N#602;N#27054
contagiri;N#1355;N#8480
contenitore;N#603;N#20403
continentale;AG#2636;AG#44692
continente;N#2624;N#15127
contraliseo;N#841;N#11942
contrarre;V#1773;V#37457
contratto;N#244;N#15208
convenzione;N#2602;N#10323
Copenhagen;NP#1046;NP#46361
coperta;N#385;N#26227
coppa;N#2098;N#22960
corallina;N#1946;N#18887
corazzata;N#557;N#17300
corda;N#108;N#12148
Corinto;NP#2171;NP#47197
Cork;NP#1047;NP#46090
coronamento;N#1363;N#25171
corrente;N#111;N#487
corsaro;AG#1277;N#24342
corvetta;N#558;N#17368
costeggiare;V#662;V#40907
cotto;N#2124;AG#50588
Cristoforo_Colombo;NP#1249;NP#47349
crocetta;N#1367;N#13126
crociera;N#1862;N#29037
Crotone;NP#2369;NP#45749
cubia;N#854;N#4818
cucina;N#1370;N#28806
cucire;V#753;V#35698
cutter;N#370;N#21762
Dakar;NP#1049;NP#47778
dandy;N#371;N#5516
dare;V#2146;V#32789
darsena;N#112;N#10935
dazio;N#246;N#7590
decreto;N#2057;N#11407
dente di cane;N#1374;N#50281
depressione;N#959;N#13557
deriva;N#1574;N#30310
deserto;N#2626;AG#42366
destinazione;N#2400;N#9925
detrazione;N#2646;N#18401
diamante;N#1385;N#17059
dichiarazione;N#250;N#11160
diramazione;N#259;N#4538
direzione;N#1892;N#2695
dirigere;V#763;V#36545
diritto;N#489;N#51173
disalberare;V#1437;V#33352
disarmare;V#774;V#35740
disarmo;N#781;N#25892
disciplina;N#2711;N#15667
disincagliare;V#1439;V#38502
dogana;N#252;N#4322
Doha;NP#1050;NP#48620
doppiare;V#1448;V#39371
Dordrecht;NP#1051;NP#46775
Douglas;NP#1986;NP#47940
Dover;NP#1053;NP#48336
draglia;N#1406;N#15205
dragone;N#70;N#27779
Drammen;NP#1054;NP#48133
drizza;N#1405;N#31718
drizzare;V#1846;V#40514
Dubai;NP#1131;NP#45706
Dublino;NP#2417;NP#45958
duello;N#2096;N#3622
Dundee;NP#1138;NP#47543
Dunkerque;NP#1139;NP#48266
Durazzo;NP#1140;NP#47774
Durban;NP#1141;NP#45909
Eleusi;NP#1142;NP#48176
elica;N#116;N#13871
eliminatoria;N#2099;N#6451
eliografo;N#2554;N#23998
Emden;NP#1143;NP#46307
ente;N#1903;N#15544
equatore;N#117;N#24023
equipaggiare;V#702;V#37934
equipaggio;N#182;N#25109
esportatore;N#493;N#19931
esportazione;N#2186;N#28878
estintore;N#1466;N#30169
Europa;NP#2632;NP#45757
evento;N#2133;N#50297
export;N#254;N#17177
falegnameria;N#2204;N#24585
falla;N#183;N#4614
fardello;N#2019;N#15302
fare;V#1473;V#32135
fare scalo;V#1475;V#49873
faro;N#185;N#51463
fasciame;N#1346;N#5967
fase;N#2571;N#50530
fasello;N#169;N#5202
fattura;N#255;N#9099
Felixstowe;NP#1144;NP#47860
fenomeno_atmosferico;N#1009;N#14356
fenomeno_naturale;N#2505;N#18656
fermare;V#651;V#50052
Ferrol;NP#1145;NP#48361
fianco;N#462;N#30289
fiera;N#2080;N#19944
Filadelfia;NP#2163;NP#47630
filare;V#191;V#35728
finale;N#2103;N#29652
fine;N#2619;AG#41761
fiocco;N#353;N#1134
fischio;N#1480;N#7676
Fiume;NP#2340;NP#48488
fiume;N#1481;N#30299
Fiumicino;NP#2371;NP#46447
Fleetwood;NP#1146;NP#48485
fondale;N#187;N#12756
fondo;N#188;N#1044
Formia;NP#2372;NP#47848
formula;N#515;N#16953
fortunale;N#2094;N#3095
forza;N#1988;N#10463
foschia;N#1493;N#25152
franchigia;N#256;N#8106
franco;AV#634;N#30369
frangente;N#1495;N#16099
Fredericia;NP#1147;NP#47079
Frederikshavn;NP#1148;NP#47685
Freetown;NP#1149;NP#47757
fregata;N#554;N#49594
Freja;NP#1048;NP#47649
frequenza;N#2304;N#6930
furgone;N#2616;N#21640
fuso;N#1388;N#11307
gabbia;N#666;N#20299
gala;N#1825;N#9823
galea;N#2697;N#20773
galleggiamento;N#1502;N#27809
galleggiante;N#379;N#1223
Gand;NP#1150;NP#47045
gas;N#2076;N#24744
gasolio;N#2077;N#2739
gavitello;N#101;N#18412
Genova;NP#2373;NP#46866
germogliare;V#2117;V#35062
gettare;V#2118;V#49946
ghibli;N#2518;N#26643
giacenza;N#2185;N#3440
Gibuti;NP#1152;NP#46244
Gioia_Tauro;NP#2374;NP#46922
Giovanni_Caboto;NP#1250;NP#47276
Giovanni_da_Verrazzano;NP#1251;NP#45553
girare;V#1976;V#38940
Glasgow;NP#1154;NP#48326
goletta;N#1517;N#10371
golfo;N#1518;N#29025
Golfo_Arabico;NP#1198;NP#45582
gomena;N#1519;N#20133
gondola;N#170;N#18890
Goole;NP#1155;NP#46999
Goteborg;NP#2428;NP#48021
governale;N#222;N#20600
governare;V#2722;V#35400
gozzo;N#374;N#5389
grado_centesimale;N#1893;N#50197
grandezza;N#501;N#15257
grandine;N#2535;N#28006
Grangemouth;NP#1156;NP#47475
granito;N#2078;N#29487
grappino;N#680;N#1467
Great_Yarmouth;NP#1157;NP#45846
grecale;N#1004;N#7398
Greenock;NP#1158;NP#46349
grillo;N#1531;N#18843
grosso;AG#1809;AG#50013
gru;N#775;N#31747
guidone;N#1537;N#8044
guscio;N#1539;N#49454
Halmstad;NP#1159;NP#45920
Haugesund;NP#1160;NP#47561
Helsinki;NP#2344;NP#46946
Honolulu;NP#1161;NP#48364
Hudson;NP#1313;NP#46768
Hull;NP#1162;NP#47965
Ibiza;NP#1132;NP#48240
idrodinamica;N#1564;N#20594
idrografia;N#1565;N#24894
idroplano;N#172;N#936
idroscalo;N#1567;N#1708
idroscivolante;N#173;N#28308
idrostatica;N#1569;N#31061
idrovolante;N#1571;N#18018
igrometro;N#1572;N#13806
imballo;N#258;N#4701
imbarcare;V#616;V#32560
imbarcarsi;V#55;V#36984
imbarcatoio;N#57;N#15111
imbarcazione;N#58;N#5211
imbarco;N#2253;N#27869
imbracare;V#1585;V#33363
imbrogliare;V#1587;V#33825
imbuto;N#1601;N#17296
immergersi;V#1602;V#33288
immersione;N#639;N#7598
Immingham;NP#1163;NP#47376
impedimento;N#2125;N#3579
impermeabile;AG#1618;AG#44287
impianto;N#1619;N#25059
impiombare;V#2640;V#40405
impiombatura;N#1609;N#10726
import;N#2183;N#6122
importuoso;AG#1860;AG#44430
imposizione;N#273;N#17461
incagliarsi;V#1440;V#40012
incidente;N#2131;N#29895
inclinazione;N#633;N#16088
incocciare;V#1627;V#37016
incrociare;V#1630;V#37375
incrociatore;N#552;N#49585
incrocio;N#1629;N#819
indicatore;N#1614;N#22862
indice;N#1615;N#12561
inerente;AG#127;AG#43026
inferire;V#1465;V#32637
informativa;N#2645;N#12808
informazione;N#2398;N#13397
infrastruttura;N#2011;N#27723
ingaggio;N#1631;N#20810
insenatura;N#1616;N#30695
insieme;N#635;N#3134
intercontinentale;AG#2637;AG#44848
intermediatore;N#263;N#4338
invasatura;N#1632;N#7244
investimento;N#1352;N#24057
investire;V#340;V#40700
iole;N#174;N#9969
Ionio;NP#1964;NP#47260
Ipswich;NP#1164;NP#46722
isobara;N#1607;N#15928
isola;N#2690;N#25993
Isole_Ciclopi;NP#2589;NP#46489
Isole_Egadi;NP#2601;NP#46122
Isole_Tremiti;NP#2591;NP#48610
isoterma;N#1605;N#16150
Istanbul;NP#1165;NP#46741
istmo;N#1604;N#8469
Kalmar;NP#1166;NP#46836
Karlstad;NP#1167;NP#45538
Kiel;NP#2455;NP#46335
La_Valletta;NP#1169;NP#48214
lago;N#2620;N#22484
lamiera;N#2072;N#11162
lancia;N#1339;N#24022
lanciamissili;N#560;N#49590
lanciarazzi;N#1340;N#15566
landa;N#1635;N#5070
larghezza;N#1636;N#11632
Larne;NP#1170;NP#47336
Las_Palmas;NP#1171;NP#47213
lasco;AG#1637;N#31267
latitudine;N#1361;N#20531
lavoratore;N#482;N#21748
Le_Havre;NP#1172;NP#45987
legno;N#1646;N#50324
Leith;NP#1173;NP#46678
levante;N#2517;N#6372
Limerick;NP#1188;NP#45573
linea;N#2285;N#10008
lino;N#724;N#9923
liquidazione;N#527;N#20463
Lisbona;NP#660;NP#47627
listino;N#261;N#15092
Liverpool;NP#1189;NP#46845
Livorno;NP#121;NP#47742
logistica;N#2002;N#16278
Londonderry;NP#1190;NP#45857
Londra;NP#2421;NP#45891
longitudine;N#1360;N#958
lossodromia;N#1643;N#25275
Lowestoft;NP#1191;NP#46324
Lubecca;NP#1192;NP#45516
Luderitz;NP#1193;NP#47407
lunghezza;N#1644;N#30588
luogo;N#205;N#14258
madiere;N#1342;N#3653
Madras;NP#1194;NP#46234
maestrale;N#991;N#17237
magazzino;N#262;N#16462
mal_di_mare;N#1408;N#5634
Malaga;NP#1195;NP#47010
Malmoe;NP#1196;NP#45580
Manchester;NP#2422;NP#46145
manifestazione;N#2134;N#25811
manifesto;N#696;N#20167
mano;N#2018;N#7300
manovra;N#638;N#49704
manovrabile;AG#1382;AG#50097
manovrare;V#708;V#32467
manutenzione;N#1710;N#3042
mappa;N#1134;N#7647
Maputo;NP#1206;NP#48018
Mar dei Caraibi;NP#2053;NP#46915
Mar dei Sargassi;NP#2056;NP#50727
Mar_Baltico;NP#2059;NP#45854
Mar_Cinese_Meridionale;NP#2060;NP#47901
Mar_Cinese_Orientale;NP#2061;NP#46081
Mar_dei_Coralli;NP#2062;NP#47030
Mar_del_Giappone;NP#2063;NP#45797
Mar_del_Nord;NP#2064;NP#46688
Mar_di_Sardegna;NP#2065;NP#46326
Mar_Eussino;NP#2066;NP#47011
Mar_Giallo;NP#2067;NP#47948
Mar_Nero;NP#2068;NP#46583
Mar_Rosso;NP#2069;NP#47639
marcia;N#1387;N#6693
mare;N#2728;N#12665
Mare-Nostrum;NP#2055;NP#46524
marea;N#192;N#27207
mareggiata;N#1174;N#9059
mareografo;N#2551;N#29021
maretta;N#748;N#7270
marina;N#2243;N#22041
Marina_di_Carrara;NP#50;NP#46289
marinaio;N#54;N#49706
marinaro;N#52;AG#41360
marmo;N#2049;N#1444
marra;N#669;N#31285
Marsiglia;NP#2145;NP#47922
marò;N#2717;N#9042
Mascat;NP#1207;NP#45811
materiale;N#1645;AG#45319
mattone;N#2119;N#30731
Mazara_del_Vallo;NP#1208;NP#47784
medico di bordo;N#803;N#50532
Mercato_Comune_Europeo;NP#2354;NP#46117
meridiano;N#1719;N#7290
messaggio;N#1445;N#16880
Messina;NP#2448;NP#45816
meteorologia;N#988;N#8736
meteorologicamente;AV#2574;AV#48897
meteorologico;AG#2575;AG#43363
meteorologo;N#2576;N#30303
meteoropatia;N#2577;N#28723
meteoropatico;AG#2578;AG#50781
mezzo;N#2073;AG#49950
miglio;N#1176;N#8702
Milazzo;NP#2379;NP#48636
Milford_Haven;NP#1209;NP#46030
militare;N#2142;AG#45428
millibar;N#1259;N#17817
minerale;N#2074;N#27801
Miramare;NP#2592;NP#47375
missiva;N#260;N#8367
mistral;N#1262;N#12804
misurare;V#1007;V#38837
mittente;N#487;N#31209
mollare;V#1263;V#34659
molo;N#194;N#28444
Monfalcone;NP#1211;NP#46867
Monopoli;NP#1212;NP#48283
monotipo;N#1723;N#1525
monsone;N#2499;N#17557
Montego_Bay;NP#1213;NP#48570
morire;V#2709;V#33565
Morse;NP#290;NP#49517
moschettone;N#1724;N#18388
moto;N#1789;N#27988
motore;N#195;N#4887
motoscafo;N#539;N#22349
movimento;N#2280;N#5452
mozzo;N#812;N#8823
muovere;V#1430;V#34893
muoversi;V#2573;V#35648
murata;N#459;N#13132
muro;N#2126;N#17692
Nacala;NP#1214;NP#46772
nadir;N#1344;N#25339
Nakskov;NP#1215;NP#47657
Namibe;NP#1216;NP#47003
Nantes;NP#1217;NP#46318
Napoli;NP#2380;NP#45605
naufragare;V#1522;V#37343
naufragio;N#1523;N#29731
naufrago;N#1524;N#8810
nautica;N#1525;N#21913
navale;AG#10;AG#41664
navalmeccanica;N#11;N#13779
nave;N#6;N#23462
nave a carroponte;N#13;N#49616
nave autosbarcante;N#14;N#49652
nave bacino;N#15;N#49671
nave da crociera;N#17;N#49669
nave frigo;N#18;N#49661
nave militare;N#20;N#49583
nave per carico secco;N#22;N#49649
nave Roll on-Roll off;N#25;N#49653
Nave_Argo;NP#28;NP#45527
nave_da_pesca;N#29;N#6497
navetta;N#32;N#17401
navetta_spaziale;N#33;N#17402
navicella;N#34;N#27992
navigabile;AG#36;AG#45433
navigabilità;N#37;N#6947
navigare;V#2688;V#50003
navigatore;N#2689;N#19404
navigazione;N#45;N#49711
navigazione astronomica;N#473;N#49713
navigazione d'altura;N#206;N#49710
navigazione mista;N#207;N#49712
navigazione piana;N#474;N#49714
navigazione stimata;N#475;N#49715
navigazione strumentale;N#476;N#49716
nebbia;N#1527;N#9537
nembo;N#1528;N#8727
nembostrato;N#2542;N#30998
neve;N#2496;N#51349
Newport;NP#1219;NP#47868
nodo;N#390;N#9240
noleggiare;V#315;V#38789
nolo;N#820;N#9199
nord-est;N#999;N#1936
North_Atlantic_Treaty_Organization_(Organizzazione_del_Trattato_nord_atlantico);NP#2355;NP#48423
nostromo;N#810;N#11089
nube;N#963;N#2688
nulla_osta;N#516;N#29240
numero;N#2724;N#17389
nuvolosità;N#2528;N#27957
Nyborg;NP#1220;NP#48501
oblò;N#852;N#14227
occaso;N#1000;N#19554
occhiello;N#855;N#9336
Oceania;NP#2633;NP#46037
oceano;N#2014;N#4824
Odense;NP#1221;NP#48464
oggetto;N#645;N#4716
Olbia;NP#2256;NP#47409
olimpiade;N#2082;N#27964
olio;N#2178;N#24826
omaggio;N#2129;N#22088
onda;N#1496;N#27475
ora;N#2279;AV#48835
orario;N#2282;N#3345
organico;N#1258;AG#44281
organismo;N#2023;N#25450
organizzazione;N#2353;N#1174
Organizzazione_delle_Nazioni_Unite;NP#2356;NP#45786
orientare;V#857;V#32228
oriente;N#1001;N#6373
ormeggiare;V#202;V#34974
ormeggio;N#529;N#49809
orza;N#847;N#16159
orzata;N#848;N#22952
Oslo;NP#1222;NP#47196
Ostenda;NP#1223;NP#46217
osteriggio;N#850;N#9189
ostro;N#997;N#18679
ottante;N#2174;N#49619
Owendo;NP#1224;NP#48439
Pacifico;NP#2016;NP#46429
paese;N#2671;N#16107
pagaia;N#1538;N#30993
pagliolo;N#858;N#27670
Palermo;NP#2382;NP#47527
paranco;N#910;N#22288
parco_naturale;N#2622;N#2558
parete;N#796;N#11001
Parigi;NP#2351;NP#47556
parola;N#2245;N#26082
parrocchetto;N#667;N#27699
parte;N#421;N#12349
partecipazione;N#1447;N#13592
partenza;N#2286;N#30957
partire;V#2287;V#32349
passascotte;N#1542;N#22909
passerella;N#1545;N#4261
patino;N#540;N#7612
Patrasso;NP#2411;NP#45603
Penisola_del_Sinis-Isola_Mal_di_Ventre;NP#2593;NP#46310
penna;N#1548;N#5025
pennone;N#881;N#9462
Pensacola;NP#1225;NP#45491
percorrere;V#2687;V#32708
percorso;N#2727;N#6496
periodo;N#2272;N#12102
periplo;N#2686;N#5585
persona;N#2132;N#49693
perturbazione;N#2504;N#27172
pesata;N#2024;N#80
pesca;N#2027;N#21312
pescaia;N#2028;N#18909
pescare;V#1550;V#37044
pescato;N#2029;N#10667
pescatore;N#2031;N#2629
pesce;N#2034;N#49143
pesce_angelo;N#2035;N#30544
pesce_volante;N#2036;N#10202
pescecane;N#2037;N#1191
pescheria;N#2038;N#27210
peschiera;N#2039;N#14849
pesciaiola;N#2040;N#26738
peseta;N#2042;N#8883
pesista;N#2043;N#10888
pesistica;N#2044;N#23181
peso;N#2045;N#31194
petroliera;N#859;N#49647
piano;N#1562;AG#42678
picco;N#1552;N#11590
piede;N#1556;N#24695
pilotina;N#541;N#15799
pioggia;N#2506;N#22945
Piombino;NP#2383;NP#46424
pirata;N#2241;N#24341
pireliometro;N#2553;N#30663
piroga;N#542;N#24007
piroscafo;N#2348;N#15999
pistola;N#1341;N#2671
planare;V#1414;V#35456
pluviometro;N#2537;N#26392
poggiare;V#1655;V#35169
Pola;NP#2342;NP#47867
polena;N#2705;N#14297
pollice;N#1576;N#4978
Polo_Sud;NP#2634;NP#46154
ponente;N#2501;N#19556
ponte;N#384;N#649
pontone;N#378;N#28845
Poole;NP#1226;NP#48210
poppa;N#211;N#14121
poppavia;N#1583;N#25863
poppiero;AG#1586;AG#45444
portare;V#1661;V#36505
Portland;NP#2162;NP#48068
porto;N#2240;N#17185
porto commerciale;N#91;N#49656
porto di rifornimento;N#92;N#49658
porto di velocità;N#93;N#49657
porto industriale;N#94;N#49659
porto petrolifero;N#95;N#49660
Porto_Cesareo;NP#2594;NP#48597
Porto_Santo_Stefano;NP#1227;NP#48025
Porto_Vesme;NP#1229;NP#45676
Portoferraio;NP#1230;NP#46439
Portofino;NP#2595;NP#48594
portolano;N#1666;N#14615
Portsmouth;NP#1231;NP#48297
portuale;N#129;AG#42446
posamine;N#562;N#3900
posareti;N#563;N#15750
posizione;N#510;N#16106
postale;N#793;AG#42754
potenza;N#2051;N#300
pozza;N#2621;N#31687
Pozzuoli;NP#2388;NP#47107
precipitazione;N#2495;N#12402
premiare;V#2127;V#37254
premio;N#2128;N#3247
prendere;V#2147;V#40747
prenotazione;N#650;N#23879
privilegio;N#614;N#11578
Procida;NP#2389;NP#45861
prodotto;N#644;N#27278
proprietà;N#2138;N#11294
prora;N#212;N#19252
proroga;N#2703;N#8223
provento;N#2189;N#12728
Providence;NP#1232;NP#46398
provino;N#594;N#3946
prueggiare;V#663;V#32589
psicrometro;N#2538;N#26459
puleggia;N#1658;N#11843
Punta_Campanella;NP#2596;NP#46576
puntale;N#1659;N#17248
punto;N#652;N#14266
quadrante;N#1664;N#13732
quadrato;N#1665;AG#41691
quantità;N#2723;N#9937
quota;N#2529;N#17503
racer;N#915;N#29754
rada;N#916;N#12876
radio;N#1736;N#6074
radiogoniometro;N#1739;N#28968
radionavigazione;N#472;N#2325
radiotelegrafista;N#809;N#1519
Ramsgate;NP#1233;NP#45548
randa;N#215;N#11997
rappresentazione;N#2284;N#9761
Ravenna;NP#2390;NP#46880
recapitare;V#686;V#40113
recapito;N#692;N#7489
reclamo;N#265;N#7020
regata;N#729;N#17364
relitto;N#2666;N#25874
remare;V#707;V#39323
remata;N#1769;N#20879
remeggio;N#706;N#25664
remo;N#705;N#29415
Reykjavik;NP#1234;NP#45898
ricevuta;N#266;N#10082
ricorso;N#2238;N#1602
ridosso;N#1772;N#15543
ridurre;V#1774;V#38060
rifiutare;V#1775;V#38512
rifiuto;N#1777;N#7250
Riga;NP#2481;NP#46748
rilevamento;N#1779;N#18490
rimorchiare;V#230;V#35781
rimorchiatore;N#1781;N#6166
rimorchiatore oceanico;N#549;N#49670
rinforzare;V#1783;V#32532
rinfrescare;V#1786;V#37167
rinfuse;N#1974;N#49683
rinvio;N#1787;N#6057
risacca;N#1788;N#30185
riserva_marina;N#2585;N#24117
rispetto;N#1551;N#4874
ritardo;N#523;N#7701
rivaleggiare;N#2104;V#40112
rivestitura;N#1180;N#29176
riviera;N#46;N#25028
roba;N#264;N#23889
rollare;V#1415;V#39817
rompighiaccio;N#26;N#9788
Ronne;NP#1235;NP#46273
Rostock;NP#1236;NP#47111
rotaia;N#1793;N#5238
rotta;N#217;N#1662
Rouen;NP#1237;NP#46223
roulotte;N#2617;N#533
rugiada;N#2545;N#5567
ruota;N#1794;N#11383
ruotare;V#1770;V#36536
saccoleva;N#532;N#49596
sagoma;N#524;N#23170
Sahara;NP#2627;NP#50387
Saint_Malo;NP#1238;NP#48241
Salerno;NP#2391;NP#48340
Salonicco;NP#2413;NP#46478
salpare;V#118;V#38930
salvagente;N#218;N#21244
salvamento;N#741;N#11946
salvare;V#742;V#36010
sampang;N#543;N#8955
Samsun;NP#1278;NP#48014
San_Remo;NP#1279;NP#46207
sandolino;N#544;N#2841
Santander;NP#2460;NP#46499
sartia;N#740;N#28714
sartiame;N#1711;N#27610
Savannah;NP#1247;NP#47783
Savona;NP#2397;NP#47586
sbandare;V#907;V#50860
sbandata;N#1416;N#8878
sbarcare;V#618;V#37695
sbarco;N#267;N#20105
sbattere;V#1718;V#34116
sborso;N#253;N#1664
scadere;V#1422;V#41123
scafo;N#219;N#13617
scala;N#2081;N#10475
scalandrone;N#1543;N#10628
scalmo;N#1418;N#30124
scalo;N#655;N#28788
scandagliare;V#904;V#33261
scandaglio;N#905;N#21159
scapolare;V#2669;AG#42562
scaricare;V#448;V#36095
scarrocciare;V#1419;V#38605
scarroccio;N#1420;N#5142
scartamento;N#525;N#17699
scassa;N#1423;N#6647
scazzottare;V#1842;V#40287
schema;N#2283;N#27266
scia;N#1425;N#11785
sciogliere;V#1264;V#32658
scirocco;N#996;N#4629
scoglio;N#1426;N#12887
scontrare;V#1429;V#37699
scostare;V#1427;V#38680
scotta;N#894;N#14449
scrittura;N#530;N#24102
Sebastiano_Caboto;NP#1252;NP#46136
segnalare;V#1444;V#41306
segnalazione;N#1443;N#37
segnale;N#1434;N#22956
semifinale;N#2102;N#27849
senseria;N#268;N#2708
sentina;N#899;N#16527
serbatoio;N#2200;N#31707
serrafila;N#565;N#13321
sestante;N#900;N#49620
Setubal;NP#1280;NP#45622
sferoscopio;N#967;N#49622
sicuramente;AV#2682;AV#48885
sicuro;AG#2681;AG#50721
sigla;N#2206;N#9228
silurante;N#27;N#12758
simbolo;N#1441;N#13824
situare;V#422;V#36589
situazione;N#2679;N#25030
Siviglia;NP#1281;NP#47702
skipper;N#1728;N#11337
Smirne;NP#1282;NP#46689
snodo;N#1765;N#7233
società;N#2644;N#49952
soffiare;V#2582;V#51308
solcometro;N#1729;N#1918
sommergibile;AG#567;AG#43194
sopravvento;N#313;N#9536
sottostare;V#2130;V#33833
sottufficiale;N#2140;N#18202
Southampton;NP#1283;NP#48314
Spalato;NP#2338;NP#48116
specialità;N#2187;N#3540
spedire;V#486;V#39418
spedizione;N#231;N#23913
spedizioniere;N#234;N#28134
speronare;V#1875;V#33027
sperone;N#1876;N#50189
Spezia;NP#2377;NP#45514
spiegare;V#1709;V#36752
spinnaker;N#1733;N#27439
sponda;N#1996;N#28122
squero;N#2706;N#8306
stabilità;N#1743;N#7091
stagno;AG#797;AG#50728
stanga;N#893;N#1065
star;N#71;N#3480
statuizione;N#2058;N#11406
Stavanger;NP#1285;NP#45856
stazione;N#270;N#8498
stazza;N#271;N#25122
stecca;N#1746;N#23587
Stella Polare;NP#547;NP#49728
Stettino;NP#1286;NP#48055
stiva;N#221;N#29724
stivaggio;N#423;N#49686
stivare;V#229;V#36730
Stoccolma;NP#2431;NP#46507
stopper;N#1748;N#3382
strambare;V#587;V#33737
straorzare;V#330;V#37647
strato;N#1529;N#17277
strumento nautico;N#2172;N#49618
struttura;N#2022;N#2912
studio;N#518;N#17442
stuoia;N#1754;N#26532
subcontinente;N#2639;N#15023
successione;N#2175;N#25015
sud-ovest;N#1002;N#28361
Sud_America;NP#2635;NP#45876
Sunderland;NP#1287;NP#47841
sventare;V#1708;V#39838
Swansea;NP#1288;NP#45852
Sydney;NP#1321;NP#46456
Tacoma;NP#1289;NP#48384
tagliamare;N#1693;N#22932
Tallin;NP#1290;NP#47454
Tampa;NP#1291;NP#47681
Tangeri;NP#1292;NP#48173
tangone;N#1697;N#15057
Taranto;NP#1244;NP#47018
tariffa;N#272;N#4807
Tarragona;NP#1293;NP#47941
Tavolara-Punta_Coda_Cavallo;NP#2597;NP#46781
tavoletta;N#1757;N#7985
tecnologia;N#2137;N#1907
temperatura;N#2508;N#15020
tempo;N#2278;N#14308
temporale;N#1699;AG#44012
tender;N#545;N#30143
tenersi_a_galla;V#1500;V#38151
Terneuzen;NP#1294;NP#46661
terzarolare;V#1700;V#34163
tesare;V#583;V#33110
thalac;N#538;N#49602
timoniere;N#947;N#13144
tir;N#2603;N#50179
Tirreno;NP#1962;NP#46093
tiunia;N#537;N#49601
tonneggio;N#1908;N#17828
topo;N#536;N#49600
torneo;N#2101;N#12725
Toronto;NP#2160;NP#45670
torpediniera;N#568;N#16375
Torre_Guaceto;NP#2598;NP#48404
trabaccolo;N#533;N#49597
traghettare;V#451;V#34038
traghetto;N#445;N#14855
traghetto misto;N#548;N#49668
traguardo;N#249;N#27306
trambai;N#535;N#49599
tramoggia;N#534;N#49598
tramontana;N#1003;N#20229
transito;N#276;N#1285
Trapani;NP#2395;NP#48496
trapezio;N#945;N#51431
trasbordare;V#653;V#33062
trasbordo;N#654;N#5113
trasferire;V#447;V#35713
trasportare;V#450;V#50547
trasporto;N#2237;N#50477
trave;N#1766;N#17112
traversata;N#470;N#18511
traversino;N#932;N#18153
traverso;N#1720;N#19068
Trebisonda;NP#1295;NP#46727
tribordo;N#712;N#16596
Trieste;NP#2396;NP#46692
trimarano;N#946;N#19777
trincarino;N#1761;N#30356
trireme;N#1955;N#933
tronco;N#2197;N#20785
tubo;N#2193;N#26059
tuga;N#1764;N#31060
Tunisi;NP#2261;NP#47166
tuono;N#2525;N#22902
Turku;NP#1296;NP#46938
ufficiale;N#2141;N#6817
ufficio;N#517;N#1016
umidità;N#2530;N#29639
unire;V#2641;V#33543
unità;N#520;N#50342
unità_di_misura;N#1177;N#19583
uragano;N#2095;N#31008
urbe;N#2672;N#21386
uscita;N#269;N#30603
Ustica;NP#2599;NP#47125
utensile;N#2173;N#1088
valersi;V#2021;V#33469
Vancouver;NP#1253;NP#49431
vaporetto;N#573;N#30075
varare;V#228;V#40509
varea;N#1668;N#22376
Varna;NP#1297;NP#47698
varo;N#1669;N#27976
vascello;N#569;N#25681
Vasteras;NP#1298;NP#46471
vedetta;N#2013;N#1543
vela;N#131;N#24097
velaccino;N#133;N#30914
velaccio;N#134;N#31221
velame;N#135;N#15490
veleggiare;V#148;V#33561
veleggiatore;N#72;N#4397
velico;AG#730;AG#43649
veliero;N#163;N#6410
velista;N#165;N#3012
vendere;V#939;V#36793
venduto;N#2188;N#24683
Venezia;NP#1994;NP#45912
Ventotene_e_Santo_Stefano;NP#2600;NP#46919
vernice;N#1686;N#25428
versamento;N#247;N#28092
vettore;N#278;N#29851
viaggiare;V#2684;V#50004
viaggio;N#2683;N#24029
virare;V#2618;V#51316
virata;N#1685;N#914
visibilità;N#1688;N#615
visto;N#514;N#1504
Vittorio Veneto;NP#551;NP#49673
Vlissingen;NP#1299;NP#47534
Waterford;NP#1300;NP#48453
