Shared Lemma;IWN_WM_ID;MarT_WM_ID
abbandonare;V#33779;V#722
abbattere;V#35390;V#1871
abbeverare;V#34987;V#2691
abbisciare;V#38803;V#176
abbittare;V#37023;V#577
abboccare;V#39006;V#2692
abbonacciare;V#51357;V#1818
abbordaggio;N#16285;N#574
abbordare;V#38030;V#338
abbrivare;V#51187;V#1870
abbrivio;N#18378;N#179
abbrumare;V#39845;V#2694
abbuono;N#6212;N#731
Abenra;NP#47544;NP#948
Aberdeen;NP#46137;NP#949
abete;N#51102;N#1819
ABS;N#50226;N#1905
accessorio;N#6329;N#951
accone;N#49603;N#59
accostare;V#33819;V#332
accostata;N#5066;N#575
acido;AG#41790;N#2176
acqua;N#50495;N#75
acque;N#12663;N#119
Aden;NP#48199;NP#950
aereo;AG#43954;AG#2613
affiorare;V#36051;V#1820
affondamento;N#10461;N#2581
affondare;V#37267;V#1867
afforcare;V#37115;V#334
Africa;NP#46974;NP#2628
Agadir;NP#46238;NP#1013
agente marittimo;N#49494;N#233
al traverso;N#49636;AV#1721
ala;N#11176;N#1920
alaggio;N#31046;N#798
alare;AG#43865;V#799
albatrosso;N#49604;N#62
alberatura;N#10066;N#581
albero;N#29490;N#88
albero dell'antenna;N#49701;N#955
albero di fortuna;N#49700;N#954
albero di maestra;N#49265;N#456
albero di trasmissione;N#49698;N#844
Alborg;NP#46082;NP#1014
Algeri;NP#45623;NP#1015
Alicante;NP#48451;NP#1016
aliscafo;N#30608;N#63
aliseo;N#10302;N#840
allarme;N#14766;N#1882
allestimento;N#8506;N#957
allineamento;N#49705;N#845
alluminio;N#21688;N#2012
alta marea;N#49708;N#744
altezza;N#10856;N#1648
altocumulo;N#28519;N#2541
altostrato;N#10670;N#962
altura;N#1342;N#860
alzare;V#33884;V#1845
Amalfi;NP#46679;NP#2360
Amburgo;NP#45586;NP#1202
Americhe;NP#46204;NP#2629
Amerigo Vespucci;NP#49672;NP#550
Amerigo_Vespucci;NP#45687;NP#1254
ammainare;V#37814;V#584
ammanco;N#9457;N#589
ammattare;V#40513;V#1446
ammiraglia;N#5539;N#97
amperometro;N#21090;N#1652
Amsterdam;NP#45739;NP#2418
Anchorage;NP#45554;NP#1017
Ancona;NP#48145;NP#2361
ancora;AV#48758;N#73
ancoraggio;N#2748;N#200
andana;N#4165;N#1858
andare;V#33637;V#2144
andare_via;V#32344;V#2269
andatura;N#49633;N#76
andatura al lasco;N#49635;N#785
andatura di bolina;N#49637;N#791
andatura in poppa;N#49634;N#784
anemometro;N#19010;N#77
anemoscopio;N#30675;N#2549
anfibio;N#49595;N#531
angolo;N#14185;N#622
Annaba;NP#48273;NP#1018
annegare;V#33244;V#2584
annodatura;N#9235;N#389
antenna;N#26044;N#969
anticiclone;N#5234;N#958
Anversa;NP#46108;NP#2336
appoggio;N#49605;N#64
appontare;V#32468;V#329
approdare;V#35499;V#337
Aqaba;NP#46659;NP#1019
arare;V#40554;V#864
Arbatax;NP#46153;NP#1020
arcobaleno;N#27350;N#2552
area;N#19239;N#1998
argano;N#4568;N#865
Argo;NP#45528;NP#96
Arhus;NP#46370;NP#1021
aria;N#28825;N#224
armamento;N#25357;N#78
armare;V#39799;V#704
armatore;N#22789;N#79
armo;N#19709;N#710
arrancare;V#39460;V#2236
arruolare;V#33500;V#813
arsenalotto;N#21668;N#2648
Arzew;NP#48455;NP#1022
Asia;NP#45965;NP#2630
Assab;NP#47245;NP#1023
assetto;N#6927;N#777
assicurare;V#33240;V#1829
assicurazione;N#21061;N#235
associazione;N#5333;N#2650
Astoria;NP#47828;NP#1024
astrolabio;N#51134;N#2150
Atlantico;NP#46183;NP#2015
atollo;N#17317;N#2665
attività;N#16078;N#2136
attività_sportiva;N#10509;N#1901
atto;N#20874;N#424
attraccare;V#39963;V#227
attrezzare;V#39798;V#925
Augusta;NP#48530;NP#2362
Australia;NP#48603;NP#2631
austro;N#6068;N#998
autorità;N#7722;N#761
autotreno;N#8749;N#590
avamporto;N#19154;N#620
avaria;N#28589;N#237
avvertimento;N#6775;N#81
avvisatore;N#9807;N#80
avviso;N#6777;N#295
avvistare;V#32025;V#621
avvolgere;V#39153;V#975
azimut;N#13238;N#926
bacino;N#21994;N#794
bagaglio;N#9341;N#682
bagala;N#49606;N#65
baglio;N#24014;N#927
bagnasciuga;N#5580;N#1995
baleniera;N#30193;N#67
balla;N#23581;N#591
Baltimora;NP#45766;NP#1025
bandiera;N#26277;N#98
Banjul;NP#47733;NP#1026
barbariccio;N#49607;N#1925
barbetta;N#29457;N#873
barca;N#12151;N#1
Barcellona;NP#46890;NP#2152
barchetta;N#7349;N#2714
barcone;N#25799;N#60
Bari;NP#47310;NP#2363
baricentro;N#21479;N#979
barografo;N#12246;N#978
barometro;N#51424;N#977
barra;N#31308;N#99
Barranquilla;NP#46481;NP#1027
Barry;NP#48080;NP#1028
base;N#49640;N#877
bassa marea;N#49709;N#745
Bassora;NP#46345;NP#1029
Bastia;NP#46270;NP#1030
bastimento;N#51108;N#2347
Baton_Rouge;NP#47019;NP#1031
battagliola;N#21952;N#980
battello;N#28137;N#367
battente;N#31702;N#1798
Bayonne;NP#46535;NP#1032
beccaccino;N#17291;N#2
beccheggio;N#3971;N#578
Belfast;NP#47198;NP#1033
Belgrado;NP#48416;NP#2491
belvedere;N#30580;N#354
bengala;N#25698;N#983
benzina;N#24638;N#2177
Bergen;NP#48581;NP#1034
betta;N#743;N#1933
bettolina;N#12403;N#382
biga;N#4389;N#1914
bilancella;N#15349;N#1922
Bilbao;NP#48528;NP#2425
binocolo;N#15738;N#984
bireme;N#136;N#1934
biscaglina;N#26340;N#1935
bissona;N#10233;N#1936
bitta;N#19924;N#580
boccaporto;N#25324;N#851
bolina;N#4848;N#102
bolletta;N#25476;N#592
Boma;NP#46072;NP#1037
boma;N#6331;N#103
bombarda;N#1808;N#1937
bora;N#19919;N#982
Bordeaux;NP#46994;NP#1038
bordeggiare;V#39675;V#664
bordeggio;N#5149;N#878
bordo;N#28180;N#2726
Boston;NP#46975;NP#2164
Boulogne;NP#46293;NP#1039
bovo;N#4958;N#1938
bozzello;N#23542;N#879
braccio;N#29072;N#882
bragozzo;N#29666;N#1939
Brema;NP#46416;NP#1040
Brest;NP#47465;NP#1041
brezza;N#29461;N#105
Bridgetown;NP#47950;NP#1036
brigantino;N#21615;N#886
Brindisi;NP#46827;NP#2445
Bristol;NP#47074;NP#1035
bruciato;AG#50590;AG#2122
bucaniere;N#4610;N#1276
bucintoro;N#31704;N#1940
buffo;N#722;N#2583
bugliolo;N#13858;N#891
bugna;N#49641;N#890
bulbo;N#50275;N#1010
burchiello;N#19048;N#1923
buriana;N#869;N#2572
bussola;N#20642;N#106
bussola da rilevamento;N#49631;N#293
bussola di rotta;N#49632;N#294
bussola giroscopica;N#49628;N#291
bussola magnetica;N#49629;N#292
buttafuori;N#23482;N#892
buttare;V#39500;V#2114
cabina;N#2022;N#1059
cabotaggio;N#49717;N#208
cacciasommergibili;N#3112;N#555
cacciatorpediniere;N#49586;N#553
cadenza;N#7737;N#2281
Cadice;NP#48433;NP#1042
Cagliari;NP#49173;NP#2259
caicco;N#49609;N#167
cala;N#49769;N#197
Calais;NP#48590;NP#1043
calare;V#38668;V#678
calcestruzzo;N#21503;N#2112
calma;N#3702;N#2083
calumare;V#38048;V#679
cambusa;N#13024;N#1055
cambusiere;N#1909;N#1056
camera;N#16317;N#648
campana;N#20937;N#1065
campionare;V#39697;V#595
campionato;N#27244;N#2097
canapa;N#27308;N#723
canapo;N#22505;N#649
cannoniera;N#4781;N#556
canoa;N#15569;N#361
canottaggio;N#19280;N#1971
canotto;N#21845;N#362
cantiere;N#6746;N#717
capitano;N#49411;N#511
capo;N#50539;N#1091
Capo_Carbonara;NP#46511;NP#2586
Capo_Rizzuto;NP#47750;NP#2587
cappa;N#11728;N#1179
cappellano;N#23742;N#807
Capraia;NP#48351;NP#2260
Capri;NP#47871;NP#2364
carabottino;N#51110;N#1333
caravella;N#7578;N#364
carboniere;N#49610;N#168
Cardiff;NP#47117;NP#2463
cardine;N#22857;N#994
carena;N#17265;N#720
carenaggio;N#6761;N#764
carenare;V#32246;V#765
cargo;N#49611;N#16
caricare;V#32393;V#446
carico;AG#45114;N#2020
carpenteria;N#13396;N#2203
Carrara;NP#47881;NP#2446
carrello;N#28098;N#1331
carroponte;N#20323;N#776
Cartagena;NP#46774;NP#1044
carteggiare;V#41035;V#780
carteggio;N#50737;N#779
Caspio;NP#46816;NP#2052
cassa;N#24555;N#596
cassero;N#15704;N#2000
catamarano;N#28196;N#1560
Catania;NP#48341;NP#2367
catena;N#21710;N#1181
cavallino;AG#51072;N#1182
cavitazione;N#10041;N#1183
cellulosa;N#22156;N#2196
cemento;N#5807;N#2108
centinatura;N#25265;N#1336
cerata;N#16432;N#1847
certificazione;N#12204;N#238
cessione;N#18151;N#597
Cherbourg;NP#47145;NP#1045
chiatta;N#21253;N#381
chiesuola;N#22005;N#640
chiglia;N#8155;N#109
Chioggia;NP#47524;NP#2447
ciclone;N#29425;N#1240
cilindro;N#21408;N#1375
Cinque_Terre;NP#47827;NP#2588
circolo Amici-Magnaghi;N#49621;N#966
circumnavigazione;N#4792;N#782
cirro;N#24421;N#1087
cirrocumulo;N#9158;N#2539
cirrostrato;N#14237;N#2540
cisterna;N#28766;N#1304
Civitavecchia;NP#45714;NP#2368
classe;N#29761;N#299
classificazione;N#7561;N#1338
clausola;N#14567;N#598
codice;N#15778;N#239
coffa;N#25906;N#460
cogliere;V#40052;V#1351
collettame;N#1486;N#2184
collidere;V#37355;V#339
collo;N#7060;N#1350
colonna;N#50952;N#641
coltellaccio;N#23333;N#665
comandante;N#10645;N#107
comando;N#23726;N#762
commettere;V#36677;V#2181
commissione;N#17327;N#241
committente;N#9162;N#599
commodoro;N#16817;N#2242
comperare;V#37118;V#940
condizione;N#16105;N#2148
consegna;N#957;N#243
consegnare;V#37559;V#684
consegnatario;N#24521;N#683
consumatore;N#27054;N#602
contagiri;N#8480;N#1355
contenitore;N#20403;N#603
continentale;AG#44692;AG#2636
continente;N#15127;N#2624
contraliseo;N#11942;N#841
contrarre;V#37457;V#1773
contratto;N#15208;N#244
convenzione;N#10323;N#2602
Copenhagen;NP#46361;NP#1046
coperta;N#26227;N#385
coppa;N#22960;N#2098
corallina;N#18887;N#1946
corazzata;N#17300;N#557
corda;N#12148;N#108
Corinto;NP#47197;NP#2171
Cork;NP#46090;NP#1047
coronamento;N#25171;N#1363
corrente;N#487;N#111
corsaro;N#24342;AG#1277
corvetta;N#17368;N#558
costeggiare;V#40907;V#662
cotto;AG#50588;N#2124
Cristoforo_Colombo;NP#47349;NP#1249
crocetta;N#13126;N#1367
crociera;N#29037;N#1862
Crotone;NP#45749;NP#2369
cubia;N#4818;N#854
cucina;N#28806;N#1370
cucire;V#35698;V#753
cutter;N#21762;N#370
Dakar;NP#47778;NP#1049
dandy;N#5516;N#371
dare;V#32789;V#2146
darsena;N#10935;N#112
dazio;N#7590;N#246
decreto;N#11407;N#2057
dente di cane;N#50281;N#1374
depressione;N#13557;N#959
deriva;N#30310;N#1574
deserto;AG#42366;N#2626
destinazione;N#9925;N#2400
detrazione;N#18401;N#2646
diamante;N#17059;N#1385
dichiarazione;N#11160;N#250
diramazione;N#4538;N#259
direzione;N#2695;N#1892
dirigere;V#36545;V#763
diritto;N#51173;N#489
disalberare;V#33352;V#1437
disarmare;V#35740;V#774
disarmo;N#25892;N#781
disciplina;N#15667;N#2711
disincagliare;V#38502;V#1439
dogana;N#4322;N#252
Doha;NP#48620;NP#1050
doppiare;V#39371;V#1448
Dordrecht;NP#46775;NP#1051
Douglas;NP#47940;NP#1986
Dover;NP#48336;NP#1053
draglia;N#15205;N#1406
dragone;N#27779;N#70
Drammen;NP#48133;NP#1054
drizza;N#31718;N#1405
drizzare;V#40514;V#1846
Dubai;NP#45706;NP#1131
Dublino;NP#45958;NP#2417
duello;N#3622;N#2096
Dundee;NP#47543;NP#1138
Dunkerque;NP#48266;NP#1139
Durazzo;NP#47774;NP#1140
Durban;NP#45909;NP#1141
Eleusi;NP#48176;NP#1142
elica;N#13871;N#116
eliminatoria;N#6451;N#2099
eliografo;N#23998;N#2554
Emden;NP#46307;NP#1143
ente;N#15544;N#1903
equatore;N#24023;N#117
equipaggiare;V#37934;V#702
equipaggio;N#25109;N#182
esportatore;N#19931;N#493
esportazione;N#28878;N#2186
estintore;N#30169;N#1466
Europa;NP#45757;NP#2632
evento;N#50297;N#2133
export;N#17177;N#254
falegnameria;N#24585;N#2204
falla;N#4614;N#183
fardello;N#15302;N#2019
fare;V#32135;V#1473
fare scalo;V#49873;V#1475
faro;N#51463;N#185
fasciame;N#5967;N#1346
fase;N#50530;N#2571
fasello;N#5202;N#169
fattura;N#9099;N#255
Felixstowe;NP#47860;NP#1144
fenomeno_atmosferico;N#14356;N#1009
fenomeno_naturale;N#18656;N#2505
fermare;V#50052;V#651
Ferrol;NP#48361;NP#1145
fianco;N#30289;N#462
fiera;N#19944;N#2080
Filadelfia;NP#47630;NP#2163
filare;V#35728;V#191
finale;N#29652;N#2103
fine;AG#41761;N#2619
fiocco;N#1134;N#353
fischio;N#7676;N#1480
fiume;N#30299;N#1481
Fiume;NP#48488;NP#2340
Fiumicino;NP#46447;NP#2371
Fleetwood;NP#48485;NP#1146
fondale;N#12756;N#187
fondo;N#1044;N#188
Formia;NP#47848;NP#2372
formula;N#16953;N#515
fortunale;N#3095;N#2094
forza;N#10463;N#1988
foschia;N#25152;N#1493
franchigia;N#8106;N#256
franco;N#30369;AV#634
frangente;N#16099;N#1495
Fredericia;NP#47079;NP#1147
Frederikshavn;NP#47685;NP#1148
Freetown;NP#47757;NP#1149
fregata;N#49594;N#554
Freja;NP#47649;NP#1048
frequenza;N#6930;N#2304
furgone;N#21640;N#2616
fuso;N#11307;N#1388
gabbia;N#20299;N#666
gala;N#9823;N#1825
galea;N#20773;N#2697
galleggiamento;N#27809;N#1502
galleggiante;N#1223;N#379
Gand;NP#47045;NP#1150
gas;N#24744;N#2076
gasolio;N#2739;N#2077
gavitello;N#18412;N#101
Genova;NP#46866;NP#2373
germogliare;V#35062;V#2117
gettare;V#49946;V#2118
ghibli;N#26643;N#2518
giacenza;N#3440;N#2185
Gibuti;NP#46244;NP#1152
Gioia_Tauro;NP#46922;NP#2374
Giovanni_Caboto;NP#47276;NP#1250
Giovanni_da_Verrazzano;NP#45553;NP#1251
girare;V#38940;V#1976
Glasgow;NP#48326;NP#1154
goletta;N#10371;N#1517
golfo;N#29025;N#1518
Golfo_Arabico;NP#45582;NP#1198
gomena;N#20133;N#1519
gondola;N#18890;N#170
Goole;NP#46999;NP#1155
Goteborg;NP#48021;NP#2428
governale;N#20600;N#222
governare;V#35400;V#2722
gozzo;N#5389;N#374
grado_centesimale;N#50197;N#1893
grandezza;N#15257;N#501
grandine;N#28006;N#2535
Grangemouth;NP#47475;NP#1156
granito;N#29487;N#2078
grappino;N#1467;N#680
Great_Yarmouth;NP#45846;NP#1157
grecale;N#7398;N#1004
Greenock;NP#46349;NP#1158
grillo;N#18843;N#1531
grosso;AG#50013;AG#1809
gru;N#31747;N#775
guidone;N#8044;N#1537
guscio;N#49454;N#1539
Halmstad;NP#45920;NP#1159
Haugesund;NP#47561;NP#1160
Helsinki;NP#46946;NP#2344
Honolulu;NP#48364;NP#1161
Hudson;NP#46768;NP#1313
Hull;NP#47965;NP#1162
Ibiza;NP#48240;NP#1132
idrodinamica;N#20594;N#1564
idrografia;N#24894;N#1565
idroplano;N#936;N#172
idroscalo;N#1708;N#1567
idroscivolante;N#28308;N#173
idrostatica;N#31061;N#1569
idrovolante;N#18018;N#1571
igrometro;N#13806;N#1572
imballo;N#4701;N#258
imbarcare;V#32560;V#616
imbarcarsi;V#36984;V#55
imbarcatoio;N#15111;N#57
imbarcazione;N#5211;N#58
imbarco;N#27869;N#2253
imbracare;V#33363;V#1585
imbrogliare;V#33825;V#1587
imbuto;N#17296;N#1601
immergersi;V#33288;V#1602
immersione;N#7598;N#639
Immingham;NP#47376;NP#1163
impedimento;N#3579;N#2125
impermeabile;AG#44287;AG#1618
impianto;N#25059;N#1619
impiombare;V#40405;V#2640
impiombatura;N#10726;N#1609
import;N#6122;N#2183
importuoso;AG#44430;AG#1860
imposizione;N#17461;N#273
incagliarsi;V#40012;V#1440
incidente;N#29895;N#2131
inclinazione;N#16088;N#633
incocciare;V#37016;V#1627
incrociare;V#37375;V#1630
incrociatore;N#49585;N#552
incrocio;N#819;N#1629
indicatore;N#22862;N#1614
indice;N#12561;N#1615
inerente;AG#43026;AG#127
inferire;V#32637;V#1465
informativa;N#12808;N#2645
informazione;N#13397;N#2398
infrastruttura;N#27723;N#2011
ingaggio;N#20810;N#1631
insenatura;N#30695;N#1616
insieme;N#3134;N#635
intercontinentale;AG#44848;AG#2637
intermediatore;N#4338;N#263
invasatura;N#7244;N#1632
investimento;N#24057;N#1352
investire;V#40700;V#340
iole;N#9969;N#174
Ionio;NP#47260;NP#1964
Ipswich;NP#46722;NP#1164
isobara;N#15928;N#1607
isola;N#25993;N#2690
Isole_Ciclopi;NP#46489;NP#2589
Isole_Egadi;NP#46122;NP#2601
Isole_Tremiti;NP#48610;NP#2591
isoterma;N#16150;N#1605
Istanbul;NP#46741;NP#1165
istmo;N#8469;N#1604
Kalmar;NP#46836;NP#1166
Karlstad;NP#45538;NP#1167
Kiel;NP#46335;NP#2455
La_Valletta;NP#48214;NP#1169
lago;N#22484;N#2620
lamiera;N#11162;N#2072
lancia;N#24022;N#1339
lanciamissili;N#49590;N#560
lanciarazzi;N#15566;N#1340
landa;N#5070;N#1635
larghezza;N#11632;N#1636
Larne;NP#47336;NP#1170
Las_Palmas;NP#47213;NP#1171
lasco;N#31267;AG#1637
latitudine;N#20531;N#1361
lavoratore;N#21748;N#482
Le_Havre;NP#45987;NP#1172
legno;N#50324;N#1646
Leith;NP#46678;NP#1173
levante;N#6372;N#2517
Limerick;NP#45573;NP#1188
linea;N#10008;N#2285
lino;N#9923;N#724
liquidazione;N#20463;N#527
Lisbona;NP#47627;NP#660
listino;N#15092;N#261
Liverpool;NP#46845;NP#1189
Livorno;NP#47742;NP#121
logistica;N#16278;N#2002
Londonderry;NP#45857;NP#1190
Londra;NP#45891;NP#2421
longitudine;N#958;N#1360
lossodromia;N#25275;N#1643
Lowestoft;NP#46324;NP#1191
Lubecca;NP#45516;NP#1192
Luderitz;NP#47407;NP#1193
lunghezza;N#30588;N#1644
luogo;N#14258;N#205
madiere;N#3653;N#1342
Madras;NP#46234;NP#1194
maestrale;N#17237;N#991
magazzino;N#16462;N#262
mal_di_mare;N#5634;N#1408
Malaga;NP#47010;NP#1195
Malmoe;NP#45580;NP#1196
Manchester;NP#46145;NP#2422
manifestazione;N#25811;N#2134
manifesto;N#20167;N#696
mano;N#7300;N#2018
manovra;N#49704;N#638
manovrabile;AG#50097;AG#1382
manovrare;V#32467;V#708
manutenzione;N#3042;N#1710
mappa;N#7647;N#1134
Maputo;NP#48018;NP#1206
Mar dei Caraibi;NP#46915;NP#2053
Mar dei Sargassi;NP#50727;NP#2056
Mar_Baltico;NP#45854;NP#2059
Mar_Cinese_Meridionale;NP#47901;NP#2060
Mar_Cinese_Orientale;NP#46081;NP#2061
Mar_dei_Coralli;NP#47030;NP#2062
Mar_del_Giappone;NP#45797;NP#2063
Mar_del_Nord;NP#46688;NP#2064
Mar_di_Sardegna;NP#46326;NP#2065
Mar_Eussino;NP#47011;NP#2066
Mar_Giallo;NP#47948;NP#2067
Mar_Nero;NP#46583;NP#2068
Mar_Rosso;NP#47639;NP#2069
marcia;N#6693;N#1387
mare;N#12665;N#2728
Mare-Nostrum;NP#46524;NP#2055
marea;N#27207;N#192
mareggiata;N#9059;N#1174
mareografo;N#29021;N#2551
maretta;N#7270;N#748
marina;N#22041;N#2243
Marina_di_Carrara;NP#46289;NP#50
marinaio;N#49706;N#54
marinaro;AG#41360;N#52
marmo;N#1444;N#2049
marra;N#31285;N#669
Marsiglia;NP#47922;NP#2145
marò;N#9042;N#2717
Mascat;NP#45811;NP#1207
materiale;AG#45319;N#1645
mattone;N#30731;N#2119
Mazara_del_Vallo;NP#47784;NP#1208
medico di bordo;N#50532;N#803
Mercato_Comune_Europeo;NP#46117;NP#2354
meridiano;N#7290;N#1719
messaggio;N#16880;N#1445
Messina;NP#45816;NP#2448
meteorologia;N#8736;N#988
meteorologicamente;AV#48897;AV#2574
meteorologico;AG#43363;AG#2575
meteorologo;N#30303;N#2576
meteoropatia;N#28723;N#2577
meteoropatico;AG#50781;AG#2578
mezzo;AG#49950;N#2073
miglio;N#8702;N#1176
Milazzo;NP#48636;NP#2379
Milford_Haven;NP#46030;NP#1209
militare;AG#45428;N#2142
millibar;N#17817;N#1259
minerale;N#27801;N#2074
Miramare;NP#47375;NP#2592
missiva;N#8367;N#260
mistral;N#12804;N#1262
misurare;V#38837;V#1007
mittente;N#31209;N#487
mollare;V#34659;V#1263
molo;N#28444;N#194
Monfalcone;NP#46867;NP#1211
Monopoli;NP#48283;NP#1212
monotipo;N#1525;N#1723
monsone;N#17557;N#2499
Montego_Bay;NP#48570;NP#1213
morire;V#33565;V#2709
Morse;NP#49517;NP#290
moschettone;N#18388;N#1724
moto;N#27988;N#1789
motore;N#4887;N#195
motoscafo;N#22349;N#539
movimento;N#5452;N#2280
mozzo;N#8823;N#812
muovere;V#34893;V#1430
muoversi;V#35648;V#2573
murata;N#13132;N#459
muro;N#17692;N#2126
Nacala;NP#46772;NP#1214
nadir;N#25339;N#1344
Nakskov;NP#47657;NP#1215
Namibe;NP#47003;NP#1216
Nantes;NP#46318;NP#1217
Napoli;NP#45605;NP#2380
naufragare;V#37343;V#1522
naufragio;N#29731;N#1523
naufrago;N#8810;N#1524
nautica;N#21913;N#1525
navale;AG#41664;AG#10
navalmeccanica;N#13779;N#11
nave;N#23462;N#6
nave a carroponte;N#49616;N#13
nave autosbarcante;N#49652;N#14
nave bacino;N#49671;N#15
nave da crociera;N#49669;N#17
nave frigo;N#49661;N#18
nave militare;N#49583;N#20
nave per carico secco;N#49649;N#22
nave Roll on-Roll off;N#49653;N#25
Nave_Argo;NP#45527;NP#28
nave_da_pesca;N#6497;N#29
navetta;N#17401;N#32
navetta_spaziale;N#17402;N#33
navicella;N#27992;N#34
navigabile;AG#45433;AG#36
navigabilità;N#6947;N#37
navigare;V#50003;V#2688
navigatore;N#19404;N#2689
navigazione;N#49711;N#45
navigazione astronomica;N#49713;N#473
navigazione d'altura;N#49710;N#206
navigazione mista;N#49712;N#207
navigazione piana;N#49714;N#474
navigazione stimata;N#49715;N#475
navigazione strumentale;N#49716;N#476
nebbia;N#9537;N#1527
nembo;N#8727;N#1528
nembostrato;N#30998;N#2542
neve;N#51349;N#2496
Newport;NP#47868;NP#1219
nodo;N#9240;N#390
noleggiare;V#38789;V#315
nolo;N#9199;N#820
nord-est;N#1936;N#999
North_Atlantic_Treaty_Organization_(Organizzazione_del_Trattato_nord_atlantico);NP#48423;NP#2355
nostromo;N#11089;N#810
nube;N#2688;N#963
nulla_osta;N#29240;N#516
numero;N#17389;N#2724
nuvolosità;N#27957;N#2528
Nyborg;NP#48501;NP#1220
oblò;N#14227;N#852
occaso;N#19554;N#1000
occhiello;N#9336;N#855
Oceania;NP#46037;NP#2633
oceano;N#4824;N#2014
Odense;NP#48464;NP#1221
oggetto;N#4716;N#645
Olbia;NP#47409;NP#2256
olimpiade;N#27964;N#2082
olio;N#24826;N#2178
omaggio;N#22088;N#2129
onda;N#27475;N#1496
ora;AV#48835;N#2279
orario;N#3345;N#2282
organico;AG#44281;N#1258
organismo;N#25450;N#2023
organizzazione;N#1174;N#2353
Organizzazione_delle_Nazioni_Unite;NP#45786;NP#2356
orientare;V#32228;V#857
oriente;N#6373;N#1001
ormeggiare;V#34974;V#202
ormeggio;N#49809;N#529
orza;N#16159;N#847
orzata;N#22952;N#848
Oslo;NP#47196;NP#1222
Ostenda;NP#46217;NP#1223
osteriggio;N#9189;N#850
ostro;N#18679;N#997
ottante;N#49619;N#2174
Owendo;NP#48439;NP#1224
Pacifico;NP#46429;NP#2016
paese;N#16107;N#2671
pagaia;N#30993;N#1538
pagliolo;N#27670;N#858
Palermo;NP#47527;NP#2382
paranco;N#22288;N#910
parco_naturale;N#2558;N#2622
parete;N#11001;N#796
Parigi;NP#47556;NP#2351
parola;N#26082;N#2245
parrocchetto;N#27699;N#667
parte;N#12349;N#421
partecipazione;N#13592;N#1447
partenza;N#30957;N#2286
partire;V#32349;V#2287
passascotte;N#22909;N#1542
passerella;N#4261;N#1545
patino;N#7612;N#540
Patrasso;NP#45603;NP#2411
Penisola_del_Sinis-Isola_Mal_di_Ventre;NP#46310;NP#2593
penna;N#5025;N#1548
pennone;N#9462;N#881
Pensacola;NP#45491;NP#1225
percorrere;V#32708;V#2687
percorso;N#6496;N#2727
periodo;N#12102;N#2272
periplo;N#5585;N#2686
persona;N#49693;N#2132
perturbazione;N#27172;N#2504
pesata;N#80;N#2024
pesca;N#21312;N#2027
pescaia;N#18909;N#2028
pescare;V#37044;V#1550
pescato;N#10667;N#2029
pescatore;N#2629;N#2031
pesce;N#49143;N#2034
pesce_angelo;N#30544;N#2035
pesce_volante;N#10202;N#2036
pescecane;N#1191;N#2037
pescheria;N#27210;N#2038
peschiera;N#14849;N#2039
pesciaiola;N#26738;N#2040
peseta;N#8883;N#2042
pesista;N#10888;N#2043
pesistica;N#23181;N#2044
peso;N#31194;N#2045
petroliera;N#49647;N#859
piano;AG#42678;N#1562
picco;N#11590;N#1552
piede;N#24695;N#1556
pilotina;N#15799;N#541
pioggia;N#22945;N#2506
Piombino;NP#46424;NP#2383
pirata;N#24341;N#2241
pireliometro;N#30663;N#2553
piroga;N#24007;N#542
piroscafo;N#15999;N#2348
pistola;N#2671;N#1341
planare;V#35456;V#1414
pluviometro;N#26392;N#2537
poggiare;V#35169;V#1655
Pola;NP#47867;NP#2342
polena;N#14297;N#2705
pollice;N#4978;N#1576
Polo_Sud;NP#46154;NP#2634
ponente;N#19556;N#2501
ponte;N#649;N#384
pontone;N#28845;N#378
Poole;NP#48210;NP#1226
poppa;N#14121;N#211
poppavia;N#25863;N#1583
poppiero;AG#45444;AG#1586
portare;V#36505;V#1661
Portland;NP#48068;NP#2162
porto;N#17185;N#2240
porto commerciale;N#49656;N#91
porto di rifornimento;N#49658;N#92
porto di velocità;N#49657;N#93
porto industriale;N#49659;N#94
porto petrolifero;N#49660;N#95
Porto_Cesareo;NP#48597;NP#2594
Porto_Santo_Stefano;NP#48025;NP#1227
Porto_Vesme;NP#45676;NP#1229
Portoferraio;NP#46439;NP#1230
Portofino;NP#48594;NP#2595
portolano;N#14615;N#1666
Portsmouth;NP#48297;NP#1231
portuale;AG#42446;N#129
posamine;N#3900;N#562
posareti;N#15750;N#563
posizione;N#16106;N#510
postale;AG#42754;N#793
potenza;N#300;N#2051
pozza;N#31687;N#2621
Pozzuoli;NP#47107;NP#2388
precipitazione;N#12402;N#2495
premiare;V#37254;V#2127
premio;N#3247;N#2128
prendere;V#40747;V#2147
prenotazione;N#23879;N#650
privilegio;N#11578;N#614
Procida;NP#45861;NP#2389
prodotto;N#27278;N#644
proprietà;N#11294;N#2138
prora;N#19252;N#212
proroga;N#8223;N#2703
provento;N#12728;N#2189
Providence;NP#46398;NP#1232
provino;N#3946;N#594
prueggiare;V#32589;V#663
psicrometro;N#26459;N#2538
puleggia;N#11843;N#1658
Punta_Campanella;NP#46576;NP#2596
puntale;N#17248;N#1659
punto;N#14266;N#652
quadrante;N#13732;N#1664
quadrato;AG#41691;N#1665
quantità;N#9937;N#2723
quota;N#17503;N#2529
racer;N#29754;N#915
rada;N#12876;N#916
radio;N#6074;N#1736
radiogoniometro;N#28968;N#1739
radionavigazione;N#2325;N#472
radiotelegrafista;N#1519;N#809
Ramsgate;NP#45548;NP#1233
randa;N#11997;N#215
rappresentazione;N#9761;N#2284
Ravenna;NP#46880;NP#2390
recapitare;V#40113;V#686
recapito;N#7489;N#692
reclamo;N#7020;N#265
regata;N#17364;N#729
relitto;N#25874;N#2666
remare;V#39323;V#707
remata;N#20879;N#1769
remeggio;N#25664;N#706
remo;N#29415;N#705
Reykjavik;NP#45898;NP#1234
ricevuta;N#10082;N#266
ricorso;N#1602;N#2238
ridosso;N#15543;N#1772
ridurre;V#38060;V#1774
rifiutare;V#38512;V#1775
rifiuto;N#7250;N#1777
Riga;NP#46748;NP#2481
rilevamento;N#18490;N#1779
rimorchiare;V#35781;V#230
rimorchiatore;N#6166;N#1781
rimorchiatore oceanico;N#49670;N#549
rinforzare;V#32532;V#1783
rinfrescare;V#37167;V#1786
rinfuse;N#49683;N#1974
rinvio;N#6057;N#1787
risacca;N#30185;N#1788
riserva_marina;N#24117;N#2585
rispetto;N#4874;N#1551
ritardo;N#7701;N#523
rivaleggiare;V#40112;N#2104
rivestitura;N#29176;N#1180
riviera;N#25028;N#46
roba;N#23889;N#264
rollare;V#39817;V#1415
rompighiaccio;N#9788;N#26
Ronne;NP#46273;NP#1235
Rostock;NP#47111;NP#1236
rotaia;N#5238;N#1793
rotta;N#1662;N#217
Rouen;NP#46223;NP#1237
roulotte;N#533;N#2617
rugiada;N#5567;N#2545
ruota;N#11383;N#1794
ruotare;V#36536;V#1770
saccoleva;N#49596;N#532
sagoma;N#23170;N#524
Sahara;NP#50387;NP#2627
Saint_Malo;NP#48241;NP#1238
Salerno;NP#48340;NP#2391
Salonicco;NP#46478;NP#2413
salpare;V#38930;V#118
salvagente;N#21244;N#218
salvamento;N#11946;N#741
salvare;V#36010;V#742
sampang;N#8955;N#543
Samsun;NP#48014;NP#1278
San_Remo;NP#46207;NP#1279
sandolino;N#2841;N#544
Santander;NP#46499;NP#2460
sartia;N#28714;N#740
sartiame;N#27610;N#1711
Savannah;NP#47783;NP#1247
Savona;NP#47586;NP#2397
sbandare;V#50860;V#907
sbandata;N#8878;N#1416
sbarcare;V#37695;V#618
sbarco;N#20105;N#267
sbattere;V#34116;V#1718
sborso;N#1664;N#253
scadere;V#41123;V#1422
scafo;N#13617;N#219
scala;N#10475;N#2081
scalandrone;N#10628;N#1543
scalmo;N#30124;N#1418
scalo;N#28788;N#655
scandagliare;V#33261;V#904
scandaglio;N#21159;N#905
scapolare;AG#42562;V#2669
scaricare;V#36095;V#448
scarrocciare;V#38605;V#1419
scarroccio;N#5142;N#1420
scartamento;N#17699;N#525
scassa;N#6647;N#1423
scazzottare;V#40287;V#1842
schema;N#27266;N#2283
scia;N#11785;N#1425
sciogliere;V#32658;V#1264
scirocco;N#4629;N#996
scoglio;N#12887;N#1426
scontrare;V#37699;V#1429
scostare;V#38680;V#1427
scotta;N#14449;N#894
scrittura;N#24102;N#530
Sebastiano_Caboto;NP#46136;NP#1252
segnalare;V#41306;V#1444
segnalazione;N#37;N#1443
segnale;N#22956;N#1434
semifinale;N#27849;N#2102
senseria;N#2708;N#268
sentina;N#16527;N#899
serbatoio;N#31707;N#2200
serrafila;N#13321;N#565
sestante;N#49620;N#900
Setubal;NP#45622;NP#1280
sferoscopio;N#49622;N#967
sicuramente;AV#48885;AV#2682
sicuro;AG#50721;AG#2681
sigla;N#9228;N#2206
silurante;N#12758;N#27
simbolo;N#13824;N#1441
situare;V#36589;V#422
situazione;N#25030;N#2679
Siviglia;NP#47702;NP#1281
skipper;N#11337;N#1728
Smirne;NP#46689;NP#1282
snodo;N#7233;N#1765
società;N#49952;N#2644
soffiare;V#51308;V#2582
solcometro;N#1918;N#1729
sommergibile;AG#43194;AG#567
sopravvento;N#9536;N#313
sottostare;V#33833;V#2130
sottufficiale;N#18202;N#2140
Southampton;NP#48314;NP#1283
Spalato;NP#48116;NP#2338
specialità;N#3540;N#2187
spedire;V#39418;V#486
spedizione;N#23913;N#231
spedizioniere;N#28134;N#234
speronare;V#33027;V#1875
sperone;N#50189;N#1876
Spezia;NP#45514;NP#2377
spiegare;V#36752;V#1709
spinnaker;N#27439;N#1733
sponda;N#28122;N#1996
squero;N#8306;N#2706
stabilità;N#7091;N#1743
stagno;AG#50728;AG#797
stanga;N#1065;N#893
star;N#3480;N#71
statuizione;N#11406;N#2058
Stavanger;NP#45856;NP#1285
stazione;N#8498;N#270
stazza;N#25122;N#271
stecca;N#23587;N#1746
Stella Polare;NP#49728;NP#547
Stettino;NP#48055;NP#1286
stiva;N#29724;N#221
stivaggio;N#49686;N#423
stivare;V#36730;V#229
Stoccolma;NP#46507;NP#2431
stopper;N#3382;N#1748
strambare;V#33737;V#587
straorzare;V#37647;V#330
strato;N#17277;N#1529
strumento nautico;N#49618;N#2172
struttura;N#2912;N#2022
studio;N#17442;N#518
stuoia;N#26532;N#1754
subcontinente;N#15023;N#2639
successione;N#25015;N#2175
sud-ovest;N#28361;N#1002
Sud_America;NP#45876;NP#2635
Sunderland;NP#47841;NP#1287
sventare;V#39838;V#1708
Swansea;NP#45852;NP#1288
Sydney;NP#46456;NP#1321
Tacoma;NP#48384;NP#1289
tagliamare;N#22932;N#1693
Tallin;NP#47454;NP#1290
Tampa;NP#47681;NP#1291
Tangeri;NP#48173;NP#1292
tangone;N#15057;N#1697
Taranto;NP#47018;NP#1244
tariffa;N#4807;N#272
Tarragona;NP#47941;NP#1293
Tavolara-Punta_Coda_Cavallo;NP#46781;NP#2597
tavoletta;N#7985;N#1757
tecnologia;N#1907;N#2137
temperatura;N#15020;N#2508
tempo;N#14308;N#2278
temporale;AG#44012;N#1699
tender;N#30143;N#545
tenersi_a_galla;V#38151;V#1500
Terneuzen;NP#46661;NP#1294
terzarolare;V#34163;V#1700
tesare;V#33110;V#583
thalac;N#49602;N#538
timoniere;N#13144;N#947
tir;N#50179;N#2603
Tirreno;NP#46093;NP#1962
tiunia;N#49601;N#537
tonneggio;N#17828;N#1908
topo;N#49600;N#536
torneo;N#12725;N#2101
Toronto;NP#45670;NP#2160
torpediniera;N#16375;N#568
Torre_Guaceto;NP#48404;NP#2598
trabaccolo;N#49597;N#533
traghettare;V#34038;V#451
traghetto;N#14855;N#445
traghetto misto;N#49668;N#548
traguardo;N#27306;N#249
trambai;N#49599;N#535
tramoggia;N#49598;N#534
tramontana;N#20229;N#1003
transito;N#1285;N#276
Trapani;NP#48496;NP#2395
trapezio;N#51431;N#945
trasbordare;V#33062;V#653
trasbordo;N#5113;N#654
trasferire;V#35713;V#447
trasportare;V#50547;V#450
trasporto;N#50477;N#2237
trave;N#17112;N#1766
traversata;N#18511;N#470
traversino;N#18153;N#932
traverso;N#19068;N#1720
Trebisonda;NP#46727;NP#1295
tribordo;N#16596;N#712
Trieste;NP#46692;NP#2396
trimarano;N#19777;N#946
trincarino;N#30356;N#1761
trireme;N#933;N#1955
tronco;N#20785;N#2197
tubo;N#26059;N#2193
tuga;N#31060;N#1764
Tunisi;NP#47166;NP#2261
tuono;N#22902;N#2525
Turku;NP#46938;NP#1296
ufficiale;N#6817;N#2141
ufficio;N#1016;N#517
umidità;N#29639;N#2530
unire;V#33543;V#2641
unità;N#50342;N#520
unità_di_misura;N#19583;N#1177
uragano;N#31008;N#2095
urbe;N#21386;N#2672
uscita;N#30603;N#269
Ustica;NP#47125;NP#2599
utensile;N#1088;N#2173
valersi;V#33469;V#2021
Vancouver;NP#49431;NP#1253
vaporetto;N#30075;N#573
varare;V#40509;V#228
varea;N#22376;N#1668
Varna;NP#47698;NP#1297
varo;N#27976;N#1669
vascello;N#25681;N#569
Vasteras;NP#46471;NP#1298
vedetta;N#1543;N#2013
vela;N#24097;N#131
velaccino;N#30914;N#133
velaccio;N#31221;N#134
velame;N#15490;N#135
veleggiare;V#33561;V#148
veleggiatore;N#4397;N#72
velico;AG#43649;AG#730
veliero;N#6410;N#163
velista;N#3012;N#165
vendere;V#36793;V#939
venduto;N#24683;N#2188
Venezia;NP#45912;NP#1994
Ventotene_e_Santo_Stefano;NP#46919;NP#2600
vernice;N#25428;N#1686
versamento;N#28092;N#247
vettore;N#29851;N#278
viaggiare;V#50004;V#2684
viaggio;N#24029;N#2683
virare;V#51316;V#2618
virata;N#914;N#1685
visibilità;N#615;N#1688
visto;N#1504;N#514
Vittorio Veneto;NP#49673;NP#551
Vlissingen;NP#47534;NP#1299
Waterford;NP#48453;NP#1300
